"Love you sir!!",positive
"Please make videos on..Midpoint circle drawing And Bresenham's circle drawing...",suggestion
"I bought both of your courses on Udemy. You are a very talented teacher. Keep producing quality material. When is your Java course coming along? . I am looking forward to it.",question
"Thank you very much, u really got me in the first video about this algorithm without explanation lol",positive
"i hope u are ok with everything going on against muslims in indea <3",other
"Another great explanation by Abdul sir. Thank you so much.",positive
"do I have to take notes or just see these videos which are helpful",question
"I had no idea what was going on in the first one, but this one cleared everything up!",positive
"Just one suggestion: if possible can you provide a link to github links to implementation of your videos as well ? I've tried to watch your videos and implement them in Java but every time I mess up and want to cross-check my implementation, there is no reference code. It would help a lot if you can post a links to implementation of your algorithms :) Thank you",question
"Thankkk youuuuu soooo sooo much sir",positive
"you are a absolute genius. Extremely helpful for understanding the content. Much better than most of the professors in my university. Thank you so much. BTW, can you probably publish more videos about DP for how to create the DP formula? I am having problems on different kind of DP problem formula creating. And would you publish more videos about NP and NP complete? I watched the video you did for NP and NP complete problem but it did not talk about how to prove a problem is NP complete in detail such as how to use reduction to prove it?",question
"great job!!!!",positive
"Thank you Sir !!",positive
"Thank you so much â¤ï¸",positive
"Sir you're doing really great job ..GOD may richly bless you and your family ..much love",positive
"I love when he is wearing red because the video is updated :D brilliant",positive
"Wonderful explanation (straight from the heaven)",positive
"Waw  at the first video I got a confusion,but at this video I have got it.  10Q so much.",positive
"Thank you Sir",positive
"Sir please upload Approximation Algorithms videos also!! @AbdulBari",suggestion
"Asslamualikum my dear honorable sir Can I know where you from",question
"main aapki jitni prashansa karu, kam hai.",positive
"I love this man!",positive
"I swear you're the savior of every single CS student. God bless you!. ;-;",positive
"sir thank you very very much from the bottom of my heart your work helped me alotğŸ™‚",positive
"Thank you...ğŸ™ğŸ™ğŸ™.. respect from core of my heart...",positive
"Thanks a lot Abdul Bari Sir. You are the best <3",positive
"Sir is so much Genuine that he again made video of the same topic , only because he was not convinced by the previous one.He just thought about us that we might be having some problem. Hatts off to this man. Thank you sir.",positive
"Thankyou sir â¤ï¸",positive
"You have tremendous teaching skills Abdul!! Thank you so much<3",positive
"Sir can u please explain - online algorithms... 1. Online Euclidean spanning tree problem solved by greedy method 2. Online k- server problem and greedy algorithm to solve this problem defined on planar trees",question
"One of the best Dynamic programming videos out there.",positive
"please please someone explain this Find an optimal parenthesization of a matrix-chain product whose sequence of dimensions is <5, 10, 3, 12, 5, 50, 6>.",question
"Asalamughlikom sir. Sir you have any tutorials on python programming or other pakistani teacher that I follow it. I am student of computer science in 5th semester.",positive
"Never ever ever ever heard such an interesting and extremely informative lecture in my 5 years as a student in CS.",positive
"good",positive
"Amazing explanation sir...Hats off!! And Thank you for all your work!!",positive
"Matrix Multiplication : 1:30 Matrix Chain multiplication : 4:43 Example Problem :  33:57 Time Complexity : 50:20 Hope it will help!",other
"Sir u are god.... I am waiting for your next video..... Pl make it soon sir",suggestion
"Example on 33:59",other
"sir please delete that first one...it will be quite helpful in saving time.",suggestion
"best algorithm teacher on youtube",positive
"love your explanation Sir",positive
"May I go to the washroom .. please",question
"Lacoste !",other
"that will be 66 not 86",correction
"Very nice explanation sir..after watching this i got interested in enroll your cource in Udemy.",positive
"You are the king Sir",positive
"What if value of k table at (1,4) is 2 then  after 2 we put parentize so (A1. A2)*( A3. A4) was the final answer?",question
"Sir. Kindly delete 4.3 video.. That was creating bit confusion.. But this is awesome..  You first shown how the actual matrix  multiplication is done and with that  you derived the formula which gave us a clear understanding.  In our class we spend nearly 2 hours to derive but I failed to understand but this gave me a clear understanding.. I feel worth watching your videos.. Thank you very much...",positive
"Side ho jaya kijiye sir for screenshot",other
"33:00",other
"Ye sir Hindi bole to bahut aacha rahega kyu apne desh me bahut poor people hai Jo class effort nahi kr pate hai So,I have request to sir please speak in hindi",suggestion
"That smile at the endğŸ‘ŒğŸ˜…",positive
"Please consider making your previous video private or unlist it. @Abdul Bari",suggestion
"The best teacher one could ask for!!!! Loved your videos",positive
"operating system computer network computer organization plz create videos",suggestion
"at time 47:13 sir, the sum for k=1 is 66 not 86 sir",correction
"Just wanted to add my praise for this video. Excellent teaching Abdul!",positive
"Thank you so much",positive
"Really fantastic. Thank you alot.",positive
"The best DAA teacher ever. Subscribe him right now",positive
"Thank You Sir...",positive
"Hey....",other
"Thank you! Sir",positive
"That tutorial was amazing!!! Thanks",positive
"King of Algorithms ğŸ˜Complement from a silent fan of Sir Abdul Bari from Pakistan :)",positive
"saved my exam",positive
"Mind blowing sir....",positive
"Thank you sir....You saved me.",positive
"Mr. Bari, if you see this I would like to thank you for being the best teacher on this platform. I have recently purchased your Udemy course and would like to express my gratitude as your videos are comprehensive and UNIQUE to your teaching style. You are the dedicated teacher that I go to for data structures and algorithmic content. Thank you :)",positive
"SIR WILL YOU PLEASE MAKE A DETAIL VIDEO ON EXPRESSION TREES AND HOW WE CAN WRITE A PROGRAM IN C.......",suggestion
"SIR WILL YOU PLEASE MAKE A DETAIL VIDEO ON EXPRESSION TREES AND HOW WE CAN WRITE A PROGRAM IN C.......",suggestion
"SIR WILL YOU PLEASE MAKE A DETAIL VIDEO ON EXPRESSION TREES AND HOW WE CAN WRITE A PROGRAM IN C.......",suggestion
"SIR WILL YOU PLEASE MAKE A DETAIL VIDEO ON EXPRESSION TREES AND HOW WE CAN WRITE A PROGRAM IN C.......",suggestion
"Our king ğŸ˜ğŸ˜ğŸ˜ğŸ˜ğŸ˜ğŸ˜ is back .",positive
"Thank u for uploading a new video on this topic ....it explained everything much clearly ğŸ‘Œ",positive
"Nice explanation sir",positive
"Great method to explain every topicğŸ‘",positive
"Hello sir plz make video on Red Black tree",suggestion
"excellent videos@@@@",positive
"Sir you used to be the best teacher, I iz very muched loved u but nowadays cir I can not see board because u so fat. please slim sir but I learn everyday from board and exam well done sir, many thank you.",positive
"Thank you Abdul Bari, your videos and lessons is well-structured and approachable. I would recommend your videos to my students in the near future. Thank you again.",positive
"Thnaks a Lot SIR ...... you give us very best stuff for not only particular subject but also getting ready for 100% clear to any topic....thank you very much",positive
"Sir your Java videos are incomplete please upload all video  of Java on Udemy so that I can buy it ..",suggestion
"There is no requirement of subtitle it working as a obstacles in watching the lower content of white board.",other
"thank you  sir for providing such content for free please upload more...we need you sir, you are so  amazing ,HUGE RESPECT FOR YOU SIR..",positive
"Sir i can say no one can teach this topic better than the way you have taught.  Teaching skill at its peak sir. Thanksssss",positive
"can we use a greedy algorithm for this?",question
"thanks  a lot sir,,,,",positive
"i am from Bangladesh.You are one of the best teacher in algorithm learning ...So carry on..",positive
"sir thought, at 51:15 no one will watch the whole video and didn't edited it.... sir, you are awesome I watch your videos till the end.",positive
"@abdul bari i wanted to ask few of my doubts.. kindly provide me a platform where i can discuss my doubts.. please sir",suggestion
"You are the greatest Data Structure And Algorithm Teacher I have ever seen ! Such an amazing explanation..Thank you sir..",positive
"Best video on matrix chain multiplication",positive
"Solid Explanation by Solid Person.ğŸ‘ŒğŸ‘ŒThanks a lot Sir. ğŸ˜ğŸ˜ğŸ˜",positive
"sir python pe videos banaye sir you can explan every thing very well",positive
"sir which course are coming up with on udemy ? please",question
"Hi Sir. This is Sri lekha from Chennai. I have a doubt regarding the DP problem. Ques: https://practice.geeksforgeeks.org/problems/find-optimum-operation/0Sir, the dp solution is very easy. but i don't know how it works. Could please explain the logic. Solution: for i in range(1,1000+1):   if (i % 2) == 0:    d[i] = d[i//2] + 1  else:   d[i] = d[i-1] + 1   T = int(input())    for i in range (T): N = int(input())    print(d[N]) Sir, I'm looking for an explanation. Thanks in advance.",question
"Such a great explanation with so easy method of teaching âœŒï¸ğŸ‰",positive
"That's great. Your teaching techniques are amazing. Thanks a lot. Make videos on another topics and subjects of GTU Syllabus.ğŸ¤˜ğŸ˜",suggestion
"getting u as a teacher,is matter of fortune for every student",positive
"You are awesome :). Thanks for the video.",positive
"Sir please can you upload some videos on machine learning .......We have it as a subject in this semester there is not much data available anywhereIf possible please try....",suggestion
"nice explanation ......:)",positive
"thankyou so much sir for again investing another hour into same topic thankyou...so muchğŸ™",positive
"One day before examination ğŸ˜‚ğŸ˜‚ğŸ˜‚ talking about me",other
"Best teacher",positive
"Sir if i buy your course *Mastering Data Structures & Algorithms using C and C++.* So that's available for life time or some specific time/duration?* I am interested to buy your course which available on udemy*",question
"Smooth as Butter !!",positive
"51:14...........",other
"lengthy one but worth it.....",positive
"You are an amazing Teacher...",positive
"sir i have purchased your course on c++, sir please make detailed course on java and python and your lectures on c++ is great.",positive
"ğŸ™ŒğŸ™Œ",other
"best video ever........................",positive
"When will you going to release java course sir...",question
"Sir ,I bought ur C++ course yesterday ,may I know for how many days I can access it or unlimited ?",question
"sir from where you are?",question
"More clearer this time sir, Thank you! 36 + 3 * 2 * 5  must be 66 not 86 though :D",correction
"Here's the implementation in java. https://gist.github.com/RitamChakraborty/da1b8ab58ee0109116dfc2ac7e9c1a27",other
"Sir, Please add sections like Dynamic Programming and other important topics to your data structures udemy course.",suggestion
"Amazing Sir, thank you very much for making these free videos .",positive
"nice video btw thats not associative property its distributive",correction
"https://www.youtube.com/watch?v=eSdcg4kKatc",other
"(: Just two?",question
"Hi abdul sir , please make a whatsapp group where all students can disscus their Problems . It will help all students alot.",suggestion
"Sir please delete the previous video on MCM.",suggestion
"wonderful respected sir, I liked your way of lecturing...",positive
"u legend",positive
"Another epic statement at 38:49 ""So only your time is saved because I have written this one"". ğŸ˜‚Thank you ğŸ™",positive
"Epic statement at 1:00 ""If you are here one day before the examination ..."" ğŸ™Œ",positive
"Thanks to you i do passed the algorithms exam with the maximum result, you, professor Bari, you are the best, thank you a lot from italy",positive
"Best data structure tutorials ever seen in youtube. The way you're teaching is mind blowing. Simple and elegant.  I purchased your course on Udemy to express my gratitude for the free video you uploaded here on youtube. Thank you once again.",positive
"Your videos got me through my algorithms class, thank you so much",positive
"sir please please upload video  on manacher's algo and O(nlogn) LIS problem...",suggestion
"If you want to learn directly then go to 34.30 and I have solved 8 marks questions in my board exam.Thanks, @Abdul Bari",positive
"thanks baje for your  videos....love from Nepal!!!",positive
"Plz plz plz make video on bucket, radix and count sorts as well, they're nowhere on youtube",positive
"may god blesss you and your family sir",positive
"You are an amazing professor.... I admire you so much because you answer every possible question regarding every topic instead of just stating formulas.... You deserve standing applause, sir...Thank you so much sir...keep doing these kinds of videos sir because it helps millions of students...One request I want to make is please explain the asymptotics in greater detail.",positive
"THANK YOU SIR  sir for caring about us students and taking time to make a new video explaining previous unexplained things about certain topics. your approach is genuinely amazing  and very friendly towards beginners and that's something. Teaching complex topics in simple understandable way  is only what great teacher can achieve and you have achieved that your teaching  will be remembered by lots of students for times to come.",positive
"Assalamualaikum teacher, May Allah give you a great reward for the knowledge that you teach, Aamiiiin :) Teacher I want to learn Parallel Programming and System Programming using C/C++ from you on udemy, please ğŸ˜‡ğŸ˜‡ hehe",suggestion
"There is a paid data structures and algorithms course of yours in Udemy, but you have uploaded all those videos in algorithm section in YouTube. Then what is the use of buying that Udemy course? Are you cheating your students? Please answer me....",negative
"Randomized Algorithms needed Sir thank you so much for your videos.... They have helped us a lot. May you plz make videos on Randomized QuickSort and Hiring problems too",question
"Mr. Bari, these videos are excellent. Your explanations are always clear and to the point.",positive
"Sir I am not able to buy ur udemy course using Indian Debit card..What to do??",question
"â¤ğŸ™",positive
"2x",other
"Only two words for the explanation in this video ""Amazingly Awesome """,positive
"Great Job Sir. Really appreciable dedication you put in your teaching. Thank You.",positive
"Awesome sirğŸ˜ğŸ˜ğŸ˜",positive
"This guy is gem...loved his videos...",positive
"Sir please please make a course on algorithms on Udemy but with codes of algorithms also like the one on Data Structures.",suggestion
"One of those special gift that Allah has blessed me with  this year is your vedios.  May Almighty bless you, thank you so much",positive
"Sir pls make vdio on red black tree",suggestion
":'(",negative
"I think this is the best ever video I have watched on YouTube. Thank you so much for your efforts sir.",positive
"Protect your time..watch in 1.5x. It's perfect.",other
"LEGEND GOD!!!",positive
"Why the price of udemy courses keeps varying so much.??..from 700 to 11000..ğŸ™„ğŸ™„",question
"Thank you Sir!",positive
"God of algorithm.. Great sir ğŸ‘ğŸ‘ğŸ‘",positive
"Respected sir ,I like your way of teaching. Could you plz make more videos on sorting techniques like radix sort,shell sort etc...",suggestion
"Sir, Plz recommend a book for data structures and algorithms that i could refer along with your udemy course.",suggestion
"Sir please make a core CS subject courses on udemyğŸ™‚",suggestion
"Abdul Bari is Back.. King is BackğŸ˜",positive
"Radaaaa na bhau ğŸ˜ğŸ’ª",other
"Thank u sir for ur effort in providing such a detail explanation of this topic, ...can u plz make a video how to read technical subject and get mastered .some subject in cse like compiler design,dbms,and co (computer organisation)have some tricky concept .plz give some advice so that we can learn and teach others like u .",suggestion
"Abdul ""God"" Bari",positive
"Thanks sir.",positive
"Sir ,one important question is it necessary to write an algorithm for every problems can we find direct solution for every problem in exam and write",question
"Thank you sir for making this video,on Tuesday my DAA  paper is thereğŸ™ğŸ»",positive
"Thank you, thank you , thank you... Its my birthday today... n  dis video feels like a gift . Best teacher for algo.",positive
"Sir ap new subject k upr kb video bnaygee plz sir btayeye",question
"Sir, could you start teaching python programming. It would really help",question
"thank you very much sir for this video",positive
"Your videos not only teach but also inspire. They create a feeling that Algorithms can be conquered.",positive
"Sir, It doesn't change the resultant table so it doesn't matter in the long term, however at 45:18 : 36 + 3 x 2 x 5 = 66*",question
"Sir, when will u come with machine learning algorithms.??? Plzzzzzzz prepare machine learning videos",question
"""This you take 3 then you can dance"" - Abdul Bari ğŸ•ºğŸ»",other
"Sir welcome back ... I am expecting your new videos on data structure",suggestion
"I love you SirğŸ”¥ Please make videos on System Designs",suggestion
"love u sir... the exact topic  which I was searching .. thank you so much :)",positive
"Sir can you uplode  video on 15 puzzle problem plzzz",question
"Sir I wanna be like you... I wanna know every thing you know... Where and How do u learn all these things so perfectly? PS: I'm really curious here",question
"Please do course for DBMS as well",suggestion
"Legend is back again....",positive
"Best algorithms teacher on youtube ! Your videos helped me clear 621 with an A ! Thank You !",positive
"Sir you're the one of the best Programming ,Data Structures and algorithms professors I have ever met in my entire life.",positive
"Sir ab ky mtlb...ab to humara ADA ka paper ho gya",positive
"Sir aaj hi DAA ka paper deke aaya hun 10 marks me aaya yeah question",positive
"Sir plz add space complexity of c code for comptition exam",suggestion
"Welcome back",positive
"THANKU sir",positive
"Thank you so much sir ğŸ™ğŸ™",positive
"Complexity?",question
"Very useful ğŸ™ğŸ‡®ğŸ‡³",positive
"can you say how could we find such problem",question
"can you say how could we find such problem",question
"Sir,  While finding value of C[ 0,0 ] , C[ 1,1 ]..... that time first term is not applicable  because of value of K but W[i,j] we have to add which is not equal to zero. So why you are not considering that term?  I got doubt here.  Please reply sir.",question
"Sir you can spend all your life from the blessings and appreciations of the fellow students around the world.",positive
"absolute madlad",other
"How many engineers out here, give a like.",other
"Thanks sir. I had two questions 1. c[0,0] should equal to w[0,0] because of the formula ""c[i,j] = w[i,j] + mini<kâ‰¤j(c[i,k-1] + c[k,j])"". 2. FOR EXAMPLE:  if the cost of c[1,1] and c[2,3] is minimum for k=2 and k=3. which k we should choose?? please guide me.",correction
"Sir, when we are calculating C[i,j] for i=j, why you took it as 0 instead of w[i,j]. I know there wont be any ""K"" to get minimum of C but shouldn't w[i,j] be left as final value? Am i missing something?",correction
"sir what about the program?",question
"Amazing! Thank you!",positive
"Amazing explanation sir..... Thank you very much...........",positive
"Dear Abdul Bari Sir, Thank you So much for all of your videos , which you have provided that too for free in a time where education has certainly became a business may god give you more and more strength and all your dreams come true...#beautyofIndia Yours Thankfully, Abhinav, Indore(M.P.)",positive
"the true legend",positive
"Excellent sir .It is very useful for me",positive
"Thank you",positive
"Thanks sir",positive
"thanks a lot sir, love the way you teach, its mesmerizing.",positive
"Thank you sir good explanation",positive
"This is the Best Explanation available on this topic on internet so far.... thank you sir",positive
"Assalamu Alaikum Sir there is no one like you in teaching field",positive
"ABDUL YOU ARE THE MAN!",positive
"great videos,,thanks sir",positive
"Thank u very much",positive
"Sir please do more videos on algorithms we need more",suggestion
"Thank you sir for all videos on DAA",positive
"Advance part of algorithms",other
"Got an exam tomorrow and here I am watching this ..Thank you so much sir <3",positive
"Sir can you please explain graph matching and edmond's blossom algorithm to compute augmenting path! please .......",question
"Thank you, you are my savior! :)",positive
"Great explanation..",positive
"isn't null check also a comparison  for square nodes.",question
"Hi sir, may I check if the course content of this course the same as your ""mastering algorithm and data structure"" course in udemy?",question
"Thanks .... nice explaination",positive
"Your videos are very very helpful!!! Thank you sir!",positive
"Thank u sirğŸ‡§ğŸ‡©",positive
"Should the cost of C[0][0],C[1][1],C[2][2],C[3][3],C[4][4] ={2,3,1,1,1 } respectively ?",question
"sir,thank u very much.Excellently explained.",positive
"sir please continue java series we all are eagerly waiting",suggestion
"Sir .Thank u very much for all videos on DAA....V all gave the best in our exams just because of ur videos....the way u thought is just perfect and very effective to us sir...Once again thank you  very much sir.. Looking further for many videos ....",positive
"Assalamualaikum sir G, have a course on ""Automata"". Watching from Kashmir University.",question
"Can you please upload a video of bipartite graph and augmentation concepts!",question
"Sir please continue on your java series plz sir , you're seriously the best teacher . Keep up the good work",suggestion
"sir your explain the things in a very easy way thats why i bought courses from udemy sir plz make more courses on computer networks or competative programming etc",suggestion
"Sir plzzzzzzzzzzzzzzz make videos on automata computation .. theory of computation and automata ... Plzzzzzzzzzzzzzzz sir ... Ur way of learning is great .. thank you sir",suggestion
"U do soo well sir Please upload as many algorithm as u can..and some other video aslo..thank you so much",suggestion
"Awesome teaching nobody can teach like this..",positive
"Precious videos",positive
"Thank you. Added this video for later as the core content is covered in previous video and there are many more left in the list!ğŸ˜",positive
"Sir please make a video for red black tree with all operations including joining and splitting...",suggestion
"Thank you very much..",positive
"Congratulations for 100k Subscribers Sir ğŸ˜ğŸ˜",positive
"thanks sir, u r very good teacher ğŸ’•",positive
"Sir you are the best , doing wonderful job by helping all of us",positive
"Wow....... very nice explanation....sir ...",positive
"Return of legend....ğŸ˜Š",positive
"Thanks a lot for starting DP series, sir. One of the best YouTubers",positive
"Nice explanation sir..(Y)  #JAVAAID",positive
"Thanks for the sharing. Isn't the B-tree order 3 (2 keys, 3 leaves) better in all scenarios?",question
"Sir I am your big fan. Your explanation are unique. Please sir upload all video on data structures.",suggestion
"Masha-Allah, You are simply a Legend Sir, May Allah swt Reward You for the justice you have been doing with students. ./An Old Student",positive
"Nice",positive
"Thanx sir....",positive
"May Allah gives you the best. The way your explain is much better than a professor who is graduated form Ivy League universities . I bought his course in udmy  and the materials became easy.",positive
"Very helpful. I had to create a vision check system on a 2D grid on a game I was working on, based on this algorithm. First I tried with wikipedia, and found out that the pseudocode there is incorrect. This video helped me to understand how the algorithm works. Once I found out is was trivial to tweak it for all 4 octants. Thank you very much.",positive
"Sir you are telling there is no Gap in real life and theoritical main gap hai how?",question
"Please can you upload a lecture for midpoint circle and elipse algorithm in Graphics",question
"on 35:56.this is a error right? its always P=2dy-dx",correction
"People like you are blessed with a beautiful skill, ""Teaching"". Thanks for being such a good teacher to all of us.",positive
"Sir your lectures are too good.. Thank you sir",positive
"Best explanation of Bresenham's algorithm I have ever heard.",positive
"Good explanation.....",positive
"Watch the video at 1.75x. Thank me later.",other
"outstanding love from bd",positive
"sir,can the numerical be done by assuming any point x1 y1 and x2 y2?",question
"Sir you are super explaining unbelievable.",positive
"Thing is i am really enjoy your lecture so please teach everything you learn in your entire life",suggestion
"I liked so much this video! Thank you.",positive
"you are the only one who explaind derivation of breshanham algorithm on youtube even my university teacher didnt explained it",positive
"Sir do a video for sutherland line and polygon clipping algorithm",suggestion
"but the algorithm only applies when m<1 ,let me know if i m missin' smthing. Thanks for the amazing explanation.",question
"Thank you master",positive
"Thank you sir really nice explanation",positive
"You sir helped me alot. Thank you",positive
"Thank you Abdul Bari! Your lessons are very useful.",positive
"wrong, how are you defining pnext - pk as positive or negative",question
"Hello at 40:00 p<0 i.e.(=-5) how y=y++  (=2)?",question
"MORE CONTENT ON COMPUTER GRAPHICS NEEDED!!! EITHER AS UDEMY COURSE OR YOUTUBE VIDEO.",suggestion
"Please provide midpoint circle algo",suggestion
"Example is good it help me alot to understand this..",positive
"If you watch at the speed of 1.5x is perfect for understand better ğŸ‘",other
"Expecting mid point circle algorithm in detail..",suggestion
"Sir please upload some videos related to circle algorithm",suggestion
"What about slopes other than less than 1 ?",question
"Very interesting",positive
"For anyone trying to figure out how to implement m > 1, here is a c++ implementation i created from the pseudo code on the wiki Just replace all the classes that's not found(like vector and color, these are classes i created) void DrawPane::renderLine(Vector2f a, Vector2f b, int color) {if(abs(b.getY() - a.getY()) < abs(b.getX() - a.getX())){if(a.getX() > b.getX()){renderLineLow(b, a, color);}else{renderLineLow(a, b, color);}}else{if(a.getY() > b.getY()){renderLineHigh(b, a, color);}else{renderLineHigh(a, b, color);}}}void DrawPane::clearCanvas() {std::fill_n(m_canvas_data, m_width * m_height, 0);}void DrawPane::renderPolygon(Vector2f f, Vector2f f1, Vector2f f2) {renderLine(f, f1, Color::RED);renderLine(f1, f2, Color::GREEN);renderLine(f2, f, Color::BLUE);}void DrawPane::renderLineLow(Vector2f a, Vector2f b, int color) {float dx = b.getX() - a.getX();float dy = b.getY() - a.getY();float p = 2*dy -dx;float i = 1;if(dy < 0){dy = -dy;i = -1;}int y = a.getY();for (int x = a.getX(); x < b.getX(); x++) {m_canvas_data[y * m_width + x] = color;if (p > 0){//Set bottom pixelp -= 2*dx;y += i;}p = p + 2*dy;}}void DrawPane::renderLineHigh(Vector2f a, Vector2f b, int color) {float dx = b.getX() - a.getX();float dy = b.getY() - a.getY();float p = 2*dx -dy;float i = 1;if(dx < 0){dx = -dx;i = -1;}int x = a.getX();for (int y = a.getY(); y < b.getY(); y++) {m_canvas_data[y * m_width + x] = color;if (p > 0) {//Set bottom pixelp -= 2*dy;x += i;}p += 2*dx;}}",other
"Sir pls make lecture course in python also",suggestion
"what is c in d1 formula",question
"Take 2-3 examples when I teach ğŸ˜Š thq",suggestion
"In the algorithm, the initial value of p is computed erroneously, it should be 2dy-dx. Nonetheless, thank you for the great video!",correction
"really nice explanation",positive
"as we can show on 37:39 that tou use in red color marker (D=delta)    p=2Dy-Dx  but in algo you use p=2dx-dy   but as i  know dx=x2-x1      while Dy=y2-y1",question
"can anyone explain to me why we did subtract pk from pnext (pknest - pk) I mean what it refers to ?",question
"very well explained.thankssssss",positive
"This is the best so far I have seen on Bresenham's algorithm explanation. You deserve an accoladesğŸ‘",positive
"Sir what happen when x is not less than  X2",question
"sir why don't u come to our clg sir. u r jst grt",positive
"Hey, i am studying Virtual Reality and you helped me with graphics do much.. thanks â¤",positive
"his pseudocode is wrong somehow.. try (0,0) (4,2)",correction
"Sir also explain about DAA paper in MCA syllabusğŸ˜¢ğŸ˜¢",suggestion
"Thank you sir it is very usefulğŸ˜³ğŸ˜‡and it's very helpful for my exams thank u so much sir",positive
"Pls sir make video on bresenhms circle draw algo pls...",suggestion
"Can you explain the mid point circle concept in computer graphics ?",question
"sir ak video bresenhamâ€™s circle drawing algorithm bna dijiye",suggestion
"on 35:56 =>  P=2dy-dx  not p=2dx-dy",correction
"Please make a video about midpoint circle algorithm and bresenhams circle algorithm",suggestion
"sir you are really great especially your way of explanation  i haven't seen anyone like you on youtube",positive
"it is really not possible to get that on P_next - P_k < , >= 0 we are analyzing the conditions then how come that instead we have the conditions for P_k >,< 0",question
"sir please make an another video on Circle drawing",suggestion
"What should i do for line with end points (10,18) and (15,8)? Please solve it !",question
"What should we do? If slope(m)<0",question
"just start from 11.30",other
"I Just started loving you sir..... Too good... MashaAllah Sir MashaAllah Loveeeeeeeeeeeeeeeeeeeeeeeeeeeeeeeeeeeeeeeeeeeeeeeeeeeeeeeeeeeeeeeeeeeeeeee Youuuuuuuuuuuuuuuuuuuuuuuuuuuuuuuuuuuuuuuuuuuuuuuuuuuuuuuuuuuu Sirrrrrrrrrrrrrrrrrrrrrrrrrrrrrrrrrrrrrrrr",positive
"Well done sir",positive
"sir sorry apne yeh galat kraya jbb hmme Pnext kbhi pta hi hai toh compare kese kra aapko vaha sirf pk likhna tha as voh khud xk+1 and yk+1 ke baare btata hai next likh kr aapne ques gdbdh kr dya",other
"God.",positive
"Adorable videos..indeed..ğŸ‘ŒğŸ‘Œ Plz upload more videos on computer graphics",suggestion
"sir,plz bring up more videos on computer graphics...its really a need!",suggestion
"sir here should be 2dy-dx instead of 2dx-dy",correction
"Nice explanation...  examples are explained very easily and carefully...",positive
"Super Ji",positive
"thank you sir helped alot.....",positive
"sir you are really great .........your teaching influence every students........I was totally satisfied with your lectures......i hope you will make more videos in computer graphics too",suggestion
"sir plz discuss the topic Bresenham's circle algorithm asap.",suggestion
"Sir plz make a course on Java that will help us to crack interviews and  will also help us in coding round.",suggestion
"now I understand the c.g. , thanks sir for your valuable videos, please update more acc top MCA 3 sem syllabus. And also how to make a notes.",suggestion
"that was very helpful sir thank you",positive
"Sir Please Can You Provide me a video of Mid Point Circle Drawing Algorithm",suggestion
"thank you so much sir pls keep making more such videos.",suggestion
"Please make vedio on bresenhem circle drawing algorithm with example",suggestion
"Excellent !!!",positive
"Sir please post circle generating algorithm in cg",suggestion
"your lecture is very exclusive i have never seen such lecture.",positive
"Excellent lecture.thank you sir",positive
"Nice explanation sir..",positive
"Nice",positive
"GODSEND!",positive
"Very good job sir. It's very easy to learn while ur teaching. Thank you sir.",positive
"Great teaching Sir!",positive
"Sir pls post circle drawing algorithm...",suggestion
"That is very very very helpful...thank you sir",positive
"Awesome, Thank you so much ! <3",positive
"Thanks sir",positive
"Who knew Dave from AT&T customer service was such an Algorithm wizard?",other
"sir you did a mistakes from 36:00 ...check it...m i r8 or not..",correction
"explain there are a point when we use bresenham algorithm it don't finished the whole point to end point like  [ ( 2 ,2) -- (5 ,10 ) ] etc ....",question
"Sir Please Made Videos On C Programming",suggestion
"Thanku so much sir....u have explained it very well....thanx alot",positive
"I am sorry on 35:56 ... P=2dy-dx.... not p=2dx-dy  .... This lecturer is greater than attending my normal class. Thank you... Also you are my great lecturer of Analysis of Algorithm. I have knowm TIME COMPLEXITY because of you only... THANK YOU!!",correction
"excellent sir",positive
"best lecture i have ever seen",positive
"ğŸ’¥ ""P= 2dy-dx"" ğŸ’¥  please correct that",correction
"will it be same in case of m>1 ?",question
"Sir there is a slight mistake the decision parameter in algorithm is P=2dy - dx;",correction
"no matter whose 9 dislikers are .....",positive
"Thank you sir",positive
"Thank you so much",positive
"Sir please make videos on computer graphics. Much needed!",suggestion
"At 24:45 , why will the constant not have any effect on the decision, sir?",question
"sir asalaamualaikum. if pk helps us to decide which pixel to choose then why we need to deduce pknext - pk?? kindly help.",question
"The only bad thought that comes to my mind while watching your videos is the difference between your method of teaching ğŸ‘Œ and our college teachers  ğŸ’©..",positive
"Sir pls make some vedios on midpoint circle drawing algorithm and midpoint ellipse drawing algorithm because my exams are coming near.. and i can understand your lectures easily",suggestion
"God has manifested to me in your form. Thank you.",positive
"Sir pls make some vedios on midpoint circle drawing algorithm and midpoint ellipse drawing algorithm am really waiting for ur lecture in a short period of time",suggestion
"Last derivation is very confused",negative
"asalamu alykum",positive
"Air kindly upload breshems circle drawing algorithm",suggestion
"Very good explaintion, sir thanks u for video",positive
"Sir what for the condition if x1>=x2",question
"Sir can uh please upload a video for Bresenham's circle algorithm",question
"Sir at 35.56 the value of P1 should be 2*dy - dx ! You have written 2*dx - dy",correction
"You are always best in any case...",positive
"At 35:56, P should be P=2*dy-dx instead P=2*dx-dy...",correction
"Sir ji Thankyou Thankyou bahut sara....",positive
"bhagwan ho tummm",positive
"Hmra monday ki paper hai sr cmputr graphics ka plz mid circle point algo and elips algo videos upload kr den jald",other
"Aploads plz mid circle point algo and elips algo plzzz",suggestion
"But this will work for only those lines whose slope is less than 1, right?",question
"*Thank you so much...now i clearly understood about Bresenham's Algo.* ğŸ‘ğŸ˜",positive
"Sir, last sem due to you alone I survived algorithms. Now it seems you will help me survive Graphics as well. I desperately wish all teachers could explain like you!",suggestion
"Thank you!you are best teacher!",positive
"GOOD TEACHING SIR ğŸ‘ŒğŸ‘ğŸ‘Œ",positive
"Great job sirğŸ‘ğŸ‘ğŸ‘ğŸ‘ğŸ‘ğŸ‘ğŸ‘ğŸ‘ğŸ‘ğŸ‘ğŸ‘ğŸ‘ğŸ‘ğŸ‘ğŸ‘ğŸ‘ğŸ‘ğŸ‘ğŸ‘ğŸ‘ğŸ‘",positive
"Thanxxx a lot sir gğŸ‘ŒğŸ‘ŒğŸ™ğŸ™",positive
"sir their is confusion in decision variabe p ,its initial meaning and also its next  please  describe it",question
"Moj aa gyiğŸ˜‡",positive
"sir at 36:06 isn't it p=2dy-dx. You have written p=2dx-dy. Great vedio sir keep it up.",correction
"Great..great...great....simple and amazing explaination....i did not get bored even 1 sec.....superbbb.",positive
"Sir plz upload a video giving explanation for AI Algorithms..",suggestion
"Example at 38:00",other
"Sir, Is the below Title/book written by you? https://www.amazon.com/Data-Structures-Made-Mohammed-Abdul/dp/1546700315",question
"Sir please make videos on line clipping.",suggestion
"good explanation sir can you make a series on computer graphics and their algorithm..",suggestion
"Sir please make a video on max flow min cut",suggestion
"Sir you are outstanding!!! You made it crystal clear...thank you so much for putting your efforts.ğŸ˜Š",positive
"What if (p=0)",question
"Dimaag hil gaya",other
"Very well explained",positive
"The best teacher i have ever seen,the way you explain is awsome.",positive
"Algo explaination starts at 14:46 . Thank me later",other
"Thamk you sir... For uploading",positive
"int takes 2 bytes of memory so computer has to manipulate 15 bits and float takes 4 bytes so computer has to manipulate 32 bits , i think that can be the reason why float operations takes more time. Does it make sense?, but in DDA is dx and dy if both are declared then the result of division will also be an integer.",question
"there will you please upload about circle drawing algorithm, line clipping algorithm, and rotation algorithms",suggestion
"I love you sir Got good marks in DAA all thanks to your videos",positive
"Thank you sir....for great explanation....plz make videos on other graphical theorem's like polygon filling and boundry fill algorithm.....plz sir...my exams are starting from 30 March.....plz help me sir....",suggestion
"Sir ,pls make more videos on computer graphics ...",suggestion
"What a legend",positive
"Thank-you sir.... you accepted our requests..",positive
"Best teacher ever.",positive
"I implemented this in C# with the Hashfunction like this, would you consider it to be a proper implementation of this algorithm ?  public static int Hash(string txt, int leftPointer, int substringLength, int con){int hash = 0;int iter = 0;while(iter < substringLength){hash += (int)txt[leftPointer + iter] * (int)Math.Pow(con, (substringLength - 1) - iter);iter++;}return hash;}public static bool RKM(string pattern, string txt){int patternHash = Hash(pattern, 0, pattern.Length, 127);for(int txtIter = 0; txtIter < txt.Length - pattern.Length + 1; txtIter++){string subString = txt.Substring(txtIter, pattern.Length);int subStringHash = Hash(txt, txtIter, pattern.Length, 127);if (patternHash == subStringHash && subString.Contains(pattern))return true;}return false;}",question
"Fantastic explanation sir. Helped me immensely.",positive
"Love u so much your teaching style sir!",positive
"Abdul Bari is one of the best teachers of algorithms. You see his video once and you get it no matter how hard the topic is. I wish my teachers in college were like him. If Mr Bari is reading this: Sir Thank you! Can you also make videos on topics like system design?",question
"Much better than Tushar Roy and much much better then GeeksforGeeks ! Very intuitive explanation",positive
"Here's the algorithm implemented in java https://gist.github.com/RitamChakraborty/bd114a2201a2faff2e25905eec2f6b3b",positive
"using the base 10 would lead to a lot of hash collisions like :: aef and acz has the same hash function.... but if we use the base of 30 it would not be ... the probability of collision would reduce drastically.",other
"great explanation",positive
"Man really good explanation even for dummies,simple and clear.Nice video. Thanks",positive
"Hello, which one is more comprehensive, udemy one or this youtube?",question
"THANK YOU!",positive
"sir how come the function is taking constant time for calculating the code the for the substring...it will take O(n) time as we are iterating the substring and adding the its value..plz help me understand this?",question
"Please put a link for donation . I will love to donate to your channel .",suggestion
"Excellent explanation",positive
"Really great.",positive
"Mr Bari, you are a good man! I pray you continue with your good work. Please let us know if there's any way we, your viewers, can help and support you.",suggestion
"Come to brazil",other
"You are great!!",positive
"You're a great teacher.",positive
"Sir , i think you should improve your video quality and reduce sound.",suggestion
"night before the algorithm exam :D",positive
"wonderful explanation... thank you sir.",positive
"421 * we were this close to achieving greatness *",other
"2019 April? Before End Game?",other
"great lesson!",positive
"Very nice explanation",positive
"Thank you.",positive
"Best",positive
"I don't have proof but I tried to do an alphabetical sort based on this hash function and to get no collision I multiplied by powers of 26, assuming the string will only contain lowercase characters",other
"good tutorial",positive
"sir its cool",positive
"Thank you, so much! Excellent work! Can we avoid multiplying by 10^m's by concatenating the digits? Sorry if that sounds too naive.",question
"very good explanation sir thanq",positive
"Also one more thing, we can still have spurious hits, although chances are very less. For example hash code for 'dab' = 421 and hash code for 'dak' also = 421.",other
"Great explanation sir. Just to add, the worst case time complexity will be O(mx(n-m+1)) since there are (n-m+1) possible substrings of size m, and we need  'm' number of iterations to compare each substring with our pattern. Please check this link to have crystal clear clarity https://cs.stackexchange.com/questions/10258/time-complexity-of-rabin-karp-matching-algorithm",suggestion
"Good job, Abdul.",positive
"Well, after,prefix-sum-optimization---> Rabin-Karp will work in O(N)!",other
"Great Abdul Sir..",positive
"Sir can you pls make a video on string matching  using naive algorithm",suggestion
"Well explained ğŸ‘ŒğŸ‘Œ...thank uh sirğŸ˜ŠğŸ˜Š",positive
"you explain very well",positive
"I looooove youuu. Thaaaaank You!",positive
"Define Robin Karp algo for string matching modulo q=11 how many spurious hit does the Rabin Karp matcher counter in the next T=3141592653589793, nd pattern is (p=26)how can I solve?",question
"You didn't explain the algorithm, sir ğŸ˜•",negative
"Oh wait...I think Iâ€™m familiar with rolling hash fxn",other
"U r great sir, yrr method of teaching this sub is too excellent.you make this sub easier.",positive
"sir kindlly make vedio on  rsa,r4,r5,blow fish,to fish algorithm",suggestion
"your teaching skills is excellent this video help me alot..",positive
"Sir it would be really helpful if u included the actual algorithm too",suggestion
"But still their is drawback of this function",other
"DEAR SIR I WANT TO ASK THAT HOW CAN WE DECIDE THE HASH FUNCTION ? IS THERE ANY WAY OR WE HAVE TO THINK LIKE A DETECTIVE?",question
"So the hash function is dynamic and user's wish.. Fine thanq sir",positive
"LEGEND ARY GOD1!!!",positive
"You're a life saver! Thanks man",positive
"This video clears my confusion by starting simple. I love how you go from naive hash function to show the importance of picking a good hash function to avoid collisions. Great video and subbed.",positive
"sirji aap heera ho",positive
"thx I think that was the best and clearest explanation.",positive
"Brilliant",positive
"Very nicely explained, but I couldnt get the complete step by step algorithm or pseudo code",negative
"Wonderful explanation.Thank you sir",positive
"Join My C++ course on Udemy.com Price: $10.99 (â‚¹750) URL : https://www.udemy.com/cpp-deep-dive/?couponCode=LEARNCPP Course covers All the topics from Basics to Advance level. Every topic is covered in greater detail with suitable examples. Suitable for Academics and Industry",other
"Explained well ğŸ‘",positive
"But Sir, if we perform (a big number)%(2^32)..that will lead to higher chances of spurious hits..because the values of the hash function will be in a small range..say(1 to 10)..",question
"Great work. Made the algo crystal clear",positive
"I am fan of your teaching.",positive
"God bless you",positive
"Wonderfully clear explanation. Thank you so much! Keep up the good work.",positive
"bht bdia bataya sir, mjaa agaya",positive
"Thanks so much, u broke it down and built it up gradually! i understand now",positive
"Very clear explanation. Thank you !",positive
"Great Explanation thanks!",positive
"sir please try to make one video lecture for string matching with finite automata",suggestion
"Sir can you make a video on string matching with finite automata?",question
"Ty sir",positive
"Thanku sir",positive
"Great gradual explanation, thank you so much sir.",positive
"Such patience, thank you, great explanation!",positive
"Great content sir ... i have watched video of Geeks4rGeeks , TusharRoy  ...  but ur content was the one which actually cleared my confusion ... thank you sir",positive
"hello sir i am one of ur student from VANI",positive
"Amazing explanation",positive
"Great explanation sir, you summed up the entire video in just 23 mins and after watching your video, I can understand each and every line of Cormen very easily. ThankYou Sir.",positive
"Very interesting",positive
"Excellent  , really helpfull",positive
"Rabin-Karp is also useful for matching multiple Patterns simultaneously.",other
"Koma lecture sir",other
"I think sir u r working in algorithm its great to se u in  advance algorithm lecture",positive
"thank  u sir for wonderful explanation",positive
"My professor abdul bari thank you so much for your hard work <3 God bless <3",positive
"Thank you very much Sir, Please make videos about Computability, decidable and  undecidable problems.",suggestion
"I have learned so much from you... cant thank you enough! I got your c++ course a while back, and just got your data structures course now. Cant wait to start :)",positive
"Sir, please upload more videos on Graph Algorithms and Trees because that is the only portion every one faces most problems:- 1)Detect Cycle in a Directed Graph and Undirected Graph Algorithms like Hamiltonian, etc 2)Other types of Trees like Red-Black Trees, B+ Trees in greater depth. 3)Topological Sorting on DAG and other graph-related algorithms which you feel beneficial for us but have not yet been covered by you. If you are reading this comment, please like it so that I know you have read it.",suggestion
"thanksâœ¨âœ¨",positive
"Dear sir do compiler design tutorials and the way you explain is awesome",suggestion
"This man is owsome Singham....full of knowledge...",positive
"Anyone know what order to watch these videos? He has a playlist for Algorithms on YouTube and one for Data Structures and Algorithms on Udemy. If you take the Udemy course would that cover the YouTube as well?",question
"Thank u sir..but the video is uploaded in low quality(reaching upto 360p  only)!!",negative
"Thank you sir!!!",positive
"Dear sir I have cleared my exams after taking lectures from ur videos Thank you so much sir...ğŸ˜€",positive
"Sir, please make videos for mid point circle and mid point ellipse algorithm also asap.",suggestion
"Thanks sir",positive
"Absolute legend",positive
"From MÃ©xico, I agree with all the previous comments. Your explanation is clearer than my algorithms course. Great job sir!",positive
"at 12:41 ,at top of recursion tree there should be 3 I think ,but  then answer is wrong ,explain this??",question
"Allah bhala kry is indian bhai jaan kaa inki wjha sy ye smjh aagya.",other
"simply excellent.",positive
"Awesome explanations. It would be better if you can explain why the addition is made to the diagonal element when a match is found and why the max of the other two is taken else. That helps in understanding the problem and solution deeper.",suggestion
"Abdul Sir aap na hote toh yahan back pe back lag rhi hoti algo ds mein. Thanks",positive
"Thank you soo much! You are great at explaining! God bless you!",positive
"well explained!!need more efforts...",positive
"U are the best! Keep it up!! You are the best Algorithm! ^^ ^^ ^^",positive
"So nice explain.Thank you sir.",positive
"Wish English subtitle / Closed Captioning should be there for accessibility support",suggestion
"Thank you for your video!",positive
"You're a really great teacher! (That's all I can say)",positive
"Please be my lecturer. Our lecturers are so dumb :)",positive
"bht badiya samjhaya",positive
"Sir you explained the code very well but didn't told how exactly one will arrive at that from scratch... Specially that last part (max of function) Thanks anyways for solid explanation...",positive
"I love you, Sir",positive
"Thank you so much for this amazingly clear explanation.",positive
"What's the difference in your udemy course and in these videos?",question
"Abdul Bari sir, hats off to you. Love from Bangladesh <3",positive
"Thank you sir, this was really helpful",positive
"dayÄ± kollar aÄŸdalÄ± mÄ± aqqqqq",other
"You're a public treasure.",positive
"Thank you sir!!  Please could you do a video on Longest increasing Subsequence also?",question
"Thanks Alot Sir .. Really u clear many concepts..... JazakAllah.....",positive
"Thank you sooo much , sir!",positive
"thank you very much. it was really useful. best for you in your life",positive
"In last else statement, why should we choose maximum value?. What is the reason to choose the maximum value?.",question
"Guru ji",positive
"Sir you are best <3",positive
"guru aham bhramasmi",positive
"apni best bhai",positive
"bosss",positive
"bosss",positive
"My hero",positive
"Awesome!!!",positive
"Searching for a topic and just hoping to find your video on that, cause no explanation can beat yours!! Thank you sir!",positive
"G O D",positive
"Thank you sir for your effort .God bless you",positive
"Donate to his Patreon page guys(I just did)! Even $5 would help to keep these extraordinary lectures alive!",positive
"Thank you sir....",positive
"I will tell my juniors to pay college fees to you instead of my fucked up college.",positive
"15:00 for dynamic",other
"FINALLY! A video that doesn't have super-technical language and the entire method is so easy to understand.",positive
"Best algorithms channel on youtube.",positive
"Q1. can you please explain why we don't take ""S"" and ""T"" which are matched in first two rows? Q2. if there are repetition of any words in row or column then what to do means should we add them with diagonal element or not? please reply me ASAP, I have exam within week Thank you",question
"Amazing teacher. God bless you sir",positive
"you are such a great teacher. thank you very much and god bless you",positive
"You are best Teacher. Best of best",positive
"Please also add the algorithm of the problem in the video or atleast give notes for algorithm",suggestion
"When Tomorrow is Semester End Exams....Then Abdul Bari Sir Videos will give you Knowledge of Full marks !!!!",positive
"Just awesome!!!! My university's lecturer was failed to explain it and made it hard for everyone. You make it so easy as possible. Hats off sir!",positive
"Thank you so much for this amazingly clear explanation.  If I had to pay in order to subscribe to you I would do so happily!",positive
"Sir i dont know who runs your audio but he's really really bad. Doesn't know what he's doing at all. Audio in almost all videos is clipping. This is not the way to boost volume level. Maybe gain on the mic is set to high but most probably not",suggestion
"Thank you mr.Bari. Last time I had watched your video , I picked  up a very little. Now I could understand thoroughly because I had worked out this problem and it cleared my all doubts and I can apply it some other problems . Moral of the story is work out more problems and come to a such an intelligent teacher .",positive
"this man is doing great job by helping students with his videos may god fill his all dreams. best wishes )-",positive
"currently in standard 7 and i am able to understand all the concepts just because of you :) . you are my guru",positive
"Thank you Sir for such a wonderful lecture",positive
"I really appreciate your way of teaching. Not even for a moment, you made me feel like this is a very complex topic. I have seen very few teachers teach this way.  This makes me think how to communicate better with my colleagues. I think the opposite person should not feel like it is a complex issue.",positive
"If you want to understand the Longest Common Subsequence problem clearly, I think this is the video you must to watch",positive
"Awesome explanation !",positive
"simply beautiful.",positive
"you rock!",positive
"ğŸ‘ğŸ»ğŸ‘ğŸ»ğŸ‘ğŸ»ğŸ‘ğŸ»",positive
"really thanks to the courses, finally understand this question clearly :)",positive
"OMG! A living legend!",positive
"Awesome",positive
"awesome explanation!!  you have explained this with so much ease..hats of to you.",positive
"Excellent work sir",positive
"Excuse me sir. Which is  the recurrence relation for the LCS algorithm ? Is it T(n,m) = T(n-1,m) + T(n,m-1) + 1 ?",question
"Damn what a good video lol",positive
"OMGSH, YOU MAKE IT SO CLEAR. Thank you so much for all your hard work with finding the correct examples and making this video so neat and short, but complete. Thank you soo much!",positive
"My lecturer just explained it to us vaguely. But now I see why some things happen. Thank you Sir.",positive
"we can solve this via backtracking too. right?",question
"Sir, The way that you teach is just incredible    you not only clear my concepts but also urge me to see all of your videos.. Thanks for uploaded these types of videos..",positive
"God level teaching",positive
"Great Explanation !!! But it would be more awesome if you could explain how we derived this algorithm !!!",suggestion
"thank you",positive
"It was a really great explanation, but you could explain on the approach you took to get to the dp algorithm rather than just saying bottom up and top down!",suggestion
"Thank you Sir",positive
"Hello, fellow community. Could this problem be solved in O(n) complexity using DP?",question
"the real professsor....hats off !! thank you : ğŸ˜Š",positive
"Sir, At 21:40 ,there is matching.why didnt u add 2+1 thank you sir",positive
"thanks",positive
"First of all thank you so much sir for teaching this hactic problem in much easiest way. Sir, if u can provide the code for dynamic programming approach, will be thankful to you.",suggestion
"Why is rasgulla in his mouth while teaching.",other
"not  good its not the video lecture that you want...",negative
"good explanation sir. to the point explanation specifically good for revision.  your videos are helpful for me.",positive
"sot lagani hai",other
"Just reading the board",negative
"Sir ..You didn't explained the concept . Just narrated the bookish lines .",negative
"this is dsa b-tree, not database b tree. nonsense.",negative
"many thanks sir.",positive
"thank u soo much",positive
"Best",positive
"Good Example sir!",positive
"Thank you sir All do.. Clear",positive
"Thanks for teaching.",positive
"Amazing explanation sir :)",positive
"Good explanations",positive
"thank you sir...its very helpful to me ..",positive
"Can explian deletion method",question
"Tq sir",positive
"Does input sequence matters while calculating B tree ?",positive
"Thanks that was helpful My professor spent 2 weeks to explain this and you just spent 8 minutes to finish this thank you again",positive
"Thanks a lot sir",positive
"All concepts cleared, thank you sir",positive
"Thanks",positive
"Sir..I can't understood that how you find median?",question
"Very well explained in less time...thank u sir fr making video",positive
"Sir how I find median in even number..",question
"this explanation is h gonna clear my concept lifetime !! thank uh so much sir",positive
"Not a critisizer... we into 2019 and getting the tutorial from one of the best tutorial site even then we lack what we actually want in the tutorial. We learn things as a work as a task as a duty as a commitment as an order as an insecurity. without knowing its purpose or enthusiasm of knowing it. without showing interest on knowing why B tree was chosen, why not any other search tree. what if we dont use Btree :| and there is no smile or happiness in learning.",positive
"Vry nice explanation sir... Tq u",positive
"Awesome sir",positive
"Sir, Could you please upload B-tree program in C with practical implementation?",question
"dont quite like your explanation. bored  me",negative
"Your explanation style is great !! kudos  for having a succesfull website and a channel !",positive
"Ayya meru devudayya",other
"very helpfull thx",positive
"great explanation!!! I dont understand how some people can dislike his videos. He is the only one on youtube who explains things so clearly and shows good examples.",positive
"Thank u sir...",positive
"great ! thank u sir 0:)",positive
"thank you sir...",positive
"Best insertion explanation I've seen",positive
"Spr sirr",other
"What happened at 3:38",question
"very bad explanation",negative
"Deletion part is not explained",negative
"Sick Jacket",other
"thanks indian yute",positive
"Thx for insertion but deletion is not proper.",negative
"Sir miru bagha chepparu,enka isam ,hashing kuda videos pettara",other
"dhnyavad",positive
"https://stackoverflow.com/questions/870218/differences-between-b-trees-and-b-trees",other
"thank you sir...but you did'nt explain the deletion part",negative
"Thanks man",positive
"thank you, I have seen couple of the tutorials, but this one basically on point, and gave me exact idea how to implement this.",positive
"ty sir ..bt i dnt understand deletion",negative
"nit durgapurian xD",other
"Thanks! Very well explained",positive
"hey dude do you think we dont know to read English?? your just reading what is present in slides",negative
"thanQ so much sir for sharing a very valueble information about awr and addm and ash",positive
"BMC Discovery (ADDM) Specialists for Remote Projects Made in Germany https://www.xing.com/profile/Karim_Ibrown/web_profiles",other
"please don't use enterprise manager for teaching,please use command prompt and with the help of commands .otherwise its very helpful tysm..",suggestion
"worst tutor",negative
"Bro u r just reading the PPT's... No explanation",negative
"English maku vacchu babu",other
"Really waste of your 6 minutes, no need of a person explaining you, you too can read as he is doing.",negative
"I did not understand a thing.",negative
"Very bad explanation. Simply reading from the board and no explanation. We can also read. No use",negative
"very bad explanation",negative
"PLs explain more about overflow, we are unable to understand about.. Whats the use of workflow",question
"hahaADAD im rying",other
"Bo*** for noobs.",other
"What the f*** is *VOLEWS* ?ğŸ˜‘ğŸ˜‘ğŸ˜‘ I've been a programmer for 9 years! Never heard of *VOLEWS* !!",negative
"when you want to learn how to code but youre a COOMer",other
"We all know you searched this up",negative
"Jacking off intensifies",negative
"They are actually doing the opposite of what they are supposed to do. Its distracting.",negative
"Imagine school like this. My attendance will be 100%",positive
"What's her name?",question
"CSS of my eye is Align:right;In whole video Also Animation :penis 4s linear; @keyframes penis{ 0% {Height:5px;Width: 20%}100%{Height:infinite;Width:infinite;Transformation:ui}}",other
"You know i wasn't even here for coding...",other
"*Illiteracy rate drops to 0%*",other
"I am a simple man .. I see curly brackets I click",other
"It's hard to focus on what you want to see and learn",negative
"yasssssssssssssssssssssssssssssssssssssssssssssssssssss",positive
"How much do they get paid to do this?  I feel sorry for them",negative
"My dick is tired of learning so much...",negative
"xaoxoaoxaoxoao madness channel .",negative
"what was that?",question
"This makes learning to Code a lot moreâ€¦ğŸ¤”â€¦interestingâ€¦ ğŸ˜‚",positive
"just started learning something i never bothered to do before",positive
"actually i learned something",positive
"i just came here to learn css... props on the stripping girl teaching it to you that woke me up pretty quick. i will say though the bit about rgba was new to me. so i guess its good that i stared at boobs while learning  css.... i think im gonna sub... and watch the rest of this series.",positive
"her name?",question
"I love this channel <3Â ",positive
"Thank you so much!!! You've saved me as well! ğŸ¤—",positive
"It doesnot work for me also.",negative
"You are life saver!! I am doing my Masterâ€™s dissertation, and your video has helped a lot!!",positive
"Wow that good ...thanks man. ğŸ˜ƒ",positive
"Casually explained? Is that you?",question
"My bibliography is at the end of my paper and it shouldnâ€™t have numbering. How do I get the number off of it without erasing the rest of the numbers?",question
"love you so much its prove helpful for my quiz",positive
"loved it",positive
"Many thanks",positive
"It's that time of the month, so here I am. Who else is with me ?",other
"You save me bro... love ya ğŸ˜˜",positive
"Thanks",positive
"thanks a lot for this video.",positive
"Thank you!",positive
"Wow! Thanks!",positive
"Thanks for the to the point Video it was helpful for me. Learnt something new today",positive
"Videos like this should be stored in digital archives of every known nation and also sent out on the International Space Station as well as any upcoming sattelites or Mars rovers and such.",positive
"This is the easiest way to explain it. Thank you very much.",positive
"what is the section thing? it fucked up my work i cant undo it to",negative
"Thanks so much for this video.  It's very through and explains something that could be very frustrating in very simple and easy to follow steps.  Bookmarking this video for future use.",positive
"Can't thank you enough!! Suuuuuuuuuuuper helpful!",positive
"Its not working men.",negative
"Almost done.. but last step is not working",negative
"your explanation is well done but it's not working for me :-(",negative
"this dont fucking work",negative
"It doesnâ€™t work on me",negative
"Thank you And FUCK YOU MICROSOFT",negative
"how the fuck do you do this on fucking PIECE OF SHIT PAGES ON MAC?!?!??!?! I fucking hate my guts",negative
"which matherfucker made MS word , even page can't be written easily",negative
"it didnt fucking work",negative
"whhat the fuck with lead on key board ??? at 1:36  ?",negative
"This shit fucked up everything.",negative
"Terrible fucking video. I followed the diretions exactly and im now staring at a paper that has a page 1, and then 8 page ""3's"". Thanks for nothing.",negative
"doesnt work...it still has number 1 on the first  page",negative
"Who the fuck designed word.",negative
"My ""Link to previous"" is fucking unclickable",negative
"thanks for making me angry, it doesn't work in pc :(",negative
"Not working it just shows 1 in intro....",negative
"This didn't work for me.  When I deleted the numbers *above* the section break it deleted *all* the numbers.  That *shouldn't* happen, assuming there's a section break!",negative
"MS word is a fucking shit software.... delete the a chart your paper gets blown up. I could do so much better in Photoshop lol.",negative
"FUCK YOUR FAMILY",negative
"is too dificult too my fucking low iq, sorry blet i can't do shits like this.",negative
"What a fuck is ""lead on"" on the keyboard??",negative
"thanks for the video but its totally useless, i am simply trying to label the pages starting from page 2 after the title page...starts from page 4 calling it page 1....******* useless!!",negative
"I must be doing something wrong because it doesn't work for me and I've followed each step.",negative
"FUCK YOU WORD",negative
"u fuckin idiot",negative
"this shit doesnt work!",negative
"doesn't work for me...",negative
"useless",negative
"I love this video. Please don''t ever take it down :)",suggestion
"My Breaks button is in light gray. Please help.",suggestion
"Maybe this is microsoft word most important issue. Please improve UI for this because many people use it and nothing button seems easy to use/understand to make this operation.",suggestion
"Hi , can you please tell, *how to delete the blank page that occurred before page one* (after doing your process)? Thank you in advance.",question
"""Link to previous"" option is not highlighted for me. What can I do??",question
"Why itâ€™s not working for me? I followed all steps and end up having all document pages as number 1 ğŸ˜",question
"when i try to delete page numbers on the previous pages I lose the ones I want. Anyone know how to fix this??",question
"Thank you...but am wondering if I want to separate my project in to three sections and am not going to numerate the first section while the second and third sections I want to numerate them , but , the second should be in (a,b,c ) numerating style while the third is in (1,2,3 numerating style) do you know how to do that ???",question
"Doesn't work.  Works on the page one but cover page still has number and once delete, it delete all other page numbers.  Why does it have to be so hard?????",question
"ive gone through the steps exactly...but the numbers keep skipping pages. It will sequence fine 1-40...then the numbering will stop...what happened???",question
"please can you tell me how to hide page numbers on some pages",question
"Why is this so difficult Microsoft?? Why canâ€™t we just have a custom numbering option????",question
"Thank you, thank you, thank you. Should have watched this 2 hours ago.",positive
"This is how a tutorial supposed to be, straight to the point. No shitty intro, no music, no bullshit. Good fucking job",positive
"This video was very helpful and in less time! Others that were 3 times as long were useless! Thanks for sharing.",positive
"LITERALLY THE ONLY VIDEO THAT HELPED ME.... THANK YOU. FUCK ALL THOSE OTHER ""TUTORIALS"" OUT THERE.",positive
"You're fuckin awesome!",positive
"I FUCKING LOVE YOU. I've been lookg of how to do this for years and this is the first thing ever that actually did it!",positive
"the main issue why for some word users this lesson doesn't work is in one step: on 1:07 see Design tab and you need to mark under it ""different first page"" - then your first title page wouldn't have page number, and in Page number format choose start from 0 :) that helped for me, and thanks for vid :) Simple How - you can put it in your vids description :)",positive
"YOU SAVED MY LIFE! I can finally do my dissertation numbering! thank you so much!!!",positive
"What is the benefit of using disjoint sets compared to other data structures",question
"i cant click link to previous i did everything what you did.",negative
"Why you wrote -2 in the queue 1,5,7 position?",question
"sirï¼Œ is the title serial numbe 1.11 right?",question
"Very helpful video sir. Can you please suggest some good ds and algorithm book?",question
"why set -2 index 1?",question
"Sir, what is an algorithm that can use dynamic programming, divide and conquer and greedy method. All 3 methods for 1 algorithm. Which algorithm can be used ?",question
"Sir, I'm a great fan of your videos, You make things really easy for us no matter how complex the problem statement is. Since the time complexity of this algorithm is not polynomial, AFAIK we can just find the MST (Minimum Spanning Tree) and can add the Cost from last vertex to the source to the final result. This way we can have only O(E log V) complexity? Please correct me if i'm wrong?",question
"@Abdul Bari What will be the time complexity of TSP when done this way?",question
"I am guessing Tabulation will reduce some amount of time but ultimately we are having to consider all possible routes from all possible vertices. Thus O(n!) correct?",question
"sir LCS problems I think u forget??",suggestion
"Sir when we will get the full video course of java??",question
"i think it should be O((n-m+1)m)?? ... at :11:30 of the video",correction
"Can you be my professor? plz??",question
"sir what is the time complexity of the recursion ??",question
"What is String editing problem??",question
"Why the cost of 1-5 is 11 as there is no direct path from 1 to 5 ??? It should be infinity",correction
"but 2 and 5 are not connected?? how are we visiting 5 from 2",question
"Any srmites here??",question
"Sir ,r u teaching data structures algorithm??",question
"How to connect you on LinkedIn??",question
"sir bresenhams kab hoga upload???",question
"thanks u making such nice tutorials.Can u make video on how to prove a problem is np complete or not??",question
"why while(true). When it goes out of the loop in algo. I don't get explanation and alog you wrote??. What is mod doing there.",question
"Why not taken 1-2-3-1??",question
"what are the applications of hamiltonian graph??",question
"1-4-2-5-3-1 this are the visiting node right??? but there is no edge between 2 to 5 in graph so how to visit?",question
"sir can u made a video bresenham line drawing algorithm for us??????//",question
"What is cnf and what about stf??",question
"Is it me or does this video look normal in 2x speed??????",other
"Sir, are these lectures also helpful who is preparing for  GATE exam or we prefer any book for advance learning ???",positive
"abdul bhai where is lower bound theory ???",question
"When are you going to upload the entire course??",question
"Sir a/w ager cost 2=28 path (1,2) and cost5=28 path (1,5) to dono m kon sa lowest hoga???",question
"In node 6 the path is from 4->2 you changed 4th row and 2nd column to infinity and 2->1 to infinity. Why you did not changed 2->4 to infinity?? and please reply",question
"whare is the bresenham's line?????? plc plc i we need it",question
"Sir Please do a vedio on bresenham's algorithm..i need this badlyğŸ˜¥",suggestion
"One of the best lecture on this topic on YouTube.. thanks sir .. One doubt is in my mind ?? At last  you told that if it can be solved in polynomial time , then this can also be solved.. Actually i didn't get this point.. to whom problem u r refering to.. i mean for which u r assuming that it can be solved so other one can also be solved.. (i mean order )",question
"sir if more than one longest common sequence of same length then how to find them all...because that tabular method gives only one sequence?",question
"what if the frequency of occurency of certain chararcters is more than 1 in a string.....? please answer how would we proceed in the algo...?",question
"In the recursion technique, you used return 1+LCS(i+1,j+1) , but in DP technique, you used LCS[i,j]=1+LCS[i-1][j-1]. How should I convert the recursion code to DP code?",question
"Aren't both of the approach dynamic programming techniques? Using recursion and memoization is the top-to-bottom approach of dynamic programming, and using iterative approach and table is the bottom-to-top approach of dynamic programming. Isn't it? If I am correct, why does he keeps emphasising that the second method from 15:02 , is dynamic programming as if the earlier method is not dynamic programming? Please help me clear my doubts. Thanks!",question
"did we considered the cost from 3 back to 1 after we get 28 at node 3 ?",question
"Can someone plz proof why that dp works?",question
"But sir to find the pattern it will take a lot of time...will you suggest Anything to improve that?",question
"Why T is not being included in this? T is also common in both the strings",question
"I understand the part Dynamic Programming Simulations on a table. But WHY are we moving diagonally while matches or if not checking the maximum... I mean why the mechanism or logic of DP like that.. ? WHY ?",question
"he looks so happy in the start of the video did anyone observe?",question
"Sir, Is there any coupon code for Algorithm and data structure Udemy course of you?",question
"Sir, your videos are amazing. I've understood all the concepts in one go itself. There is one question, How do we find the characters of sub sequence in overlapping subproblems? I mean to say that we were able to identify the characters from dynamic programming but how do we get to know about them from the tree or memoization?",question
"What point in the video does memoization part begin?",question
"Great video, but can someone tell me what ""slash zero"" is? Why do the sequences both end in ""\0"" for the segment around 9:00 mark?",question
"HI sir, I have a doubt!!!Even in dynamic programming algorithm we are using recursion only for LCS. ! How does dynamic programming and recursion differ?",question
"sir , i could'nt understand when we go from 4 node to 3 node . Please explain properly",suggestion
"I have a doubt, there is no connection between 2 and 5 vertices so how is thr solution 1-4-2-5-3-1",question
"Please make a video on Bresenham's also.",suggestion
"Sir can u upload a video on algorithms of reliability design...please sir it's urgent!!!",question
"Sir can u please send the code of implementing this concept",question
"Sir please make dp tutorial",suggestion
"you should also discuss code. It is very difficult to convert it into code for beginners. Please consider.",suggestion
"Sir please teach these concepts using code...I really request you to explain it with code..Thank you so much for teaching all these concepts so well...I feel blessed to learn from you...:)",suggestion
"this video isn't at its correct position in the playlist; could you please correct the ordering.",question
"excellent explanation sir..... please explain the implementation of algorithm too...!",suggestion
"Sir please make a complete video Tutorial in java and put it on udemy ,,ğŸ™ğŸ™ğŸ™ğŸ™",suggestion
"Sir please continue this playlist. It will be very Helpful for us.",suggestion
"I like your videos very much Sir...but you have discontinue JAVA series...If anyone want to learn JAVA then Please checkout DURGASOFT Videos(Durga Sir)",negative
"Sir, please upload next video,ur videos are awesome",suggestion
"sir upload more videos on java please",suggestion
"plz continue the video series on java",suggestion
"Sir people like you make this world a better place to live. I have purchased your data structures and C++ course. They were fantastic. Now that i am switch to java please make a course in java.",suggestion
"Sir, why have you not made more videos of java more...i have searched lot of channels for java but i did not understood properly. I can understand only from youğŸ˜¢....please it's my humble request to you that please make full java with advance nd core...please sirğŸ˜¢ i want to learn javağŸ˜¢",suggestion
"sir, please upload all video lectures of core java ..........quickly or as soon as possible",suggestion
"Hiii sir please upload more videos on c and Java please",suggestion
"please sir continue full java course",suggestion
"please finish this course",suggestion
"Sir, please do a complete Java lecture course.Your teaching is excellent! I learned a lot.",suggestion
"Sir please continue with Java programming teaching.",suggestion
"sir please make more video on java",suggestion
"Plzz continue uploading videos on java eagerly waiting for next videos on java",suggestion
"Sir..pls up more videos...",suggestion
"Hi Sir, This is not fair at all sir...we are waiting for your videos since 9-10 months and you haven't posted any ...at least tell whether you will post or not ..plz reply sir",question
"Please continue you are PERFECT",suggestion
"Please update the Java playlist.",suggestion
"sir please continue this course",suggestion
"sir, please start new videos explaining how to start coding in java",suggestion
"Hiii sir can you please make video on function how we can write and use all of it",question
"Sir plz complete the full java series it's a request",suggestion
"Sir please upload more videos on java ..",suggestion
"Sir, can you please do more videos on java",question
"sir..please upload remaining concept of java..as soon as possible.. it's request sir.. plzzzzzzz",suggestion
"Sir please upload more videos",suggestion
"Sir please upload more videos on java",suggestion
"ho sir plz add more videos on java",suggestion
"Sir please make a video on JVM internals. About JVM architecture",suggestion
"well, I expected more tricky algorithm :/",negative
"Great video Sir!!But Please provide implementation of the algorithm at the end of the  video",suggestion
"Please add a video for naive string matching algorithm also.",suggestion
"Bro plz I need maximum sub array problem",suggestion
"sir can you plz explain printing the longest increasing subsequence using dynamic programming",question
"Sir plz make the video on booths algorithm very imp....sirrrr",suggestion
"sir plzz make a video on SHORTEST UNCOMMON SUBSEQUENCE using dp.",suggestion
"Sir plz upload other subjects also which u teach sir..would be helpful of you can provide patreon link means many students like me can donate money also sir...",suggestion
"Sir plz make videos on horspool and boyer moore plz sir..ASAP",suggestion
"Sir can u plz upload the video for query optimization in dbms including the algorithms for relational algebra operations, heuristics based query optimization and cost based query optimization.  Plz..",question
"Sir discrete bhi pada do....plz",other
"Edge(4,3) and (4,5) is wrong",correction
"in [4,3]  position you have written the wrong thing you write infinity but actually there comes 0",correction
"First of all thank you Sir for this superb , understandable conceptğŸ˜Š sir... i have a problem! Sir , i solved for cost(7), which is 38 but your is 50. Is i'm wrong or there's a mistake in writing?â˜º plz help. @Abdul_Bari",correction
"The value of node 8 is 27 which is less than node 6.. So your whole tree after that is wrong..",correction
"7 th node matrix that u explain is may be wrong Iam getting another values",correction
"I got  wrong at  reduce 7th matrix Nd 10 matrix can u please  tell Ans for me are 38 Nd 25",correction
"your solutions is wrong. 4+5=9 at 17:00 and how is cost of 5th vertex 31 , shouldn't it be 26 C(1,5)+r=1+25=26",correction
"What if a problem have same cost",question
"Time complexity for pure recursion should be pow(2, m+n). Correct me if I am wrong",correction
"Although the explanation was good, but everything become irrelevant when you don't tell how you derived the code (i.e What is the mathematical approach). Longest Common Subsequence - Dynamic Programming  : https://youtu.be/tYzNrCul5OU",suggestion
"please do upload  a video for transitive closure of a direct graph .thank you",suggestion
"Sir excellent way of explaination if possible please upload a video on rod cutting problem",suggestion
"Best videos on programming I ever found on youtube. Thank you sir, your videos are very helpful in competitive programming. :)  After seeing your explanations, I can write correct code on my own. . . . ^_^ Lot's of respect.  Please make videos on :- 1. Longest Increasing Subsequence 2. Longest Palindromic Subsequence 3. Edit Distance",suggestion
"whats the algorithm to print the final answer?",question
"Sir, what are  subjects , you are teaching? Your teaching method is best. If I listen your video, Then no class, no book is required.",question
"sir ,what is shortesr link  strategey for trvelling sales man problem",question
"Sir, which is the efficient algorithm for TSP? 1.Dynamic Programming or 2.Branch and Bound. And what is the time complexity of TSP using Branch and Bound?",question
"sir, what if the graph is the directed graph and doesn't have the access to the remaining unvisited vertex. could I take the minimum value of unvisited vertex from the visited vertex that granted access to that unvisited ?",question
"I always become speechless when I watch your video lectures. What can I comment on your video lectures ?",positive
"why 1 to 1 is infinity while in other videos itâ€™s zero",question
"Sir I've understood why should we place infinity in the matrix (i.e destroying the path so as to prevent the closed loop formation) But sir may I know why the matrix is to be reduced(i.e ensuring zero in every row and column)",question
"Question: I got the point that on finding slope we get whether < or > 1? but why are we calculating the slope, as we only need to trace the line.",question
"Im not sure. But in CG, when you get pixel coordiantes of point-something usually you floor. So why is it being rounded here? pixel 4.8 is technically still pixel 4 and not 5",question
"Why we have taken (0.648,100) in S3 set as we can nt take any other device if we take cost 100",question
"I believe it should be (0.648, 100), (0.63, 105), but not the other order.  You need to take (0.648, 100) first because it came in earlier.  And the reason (0.63, 105) is eliminated is just because it has a lower reliability.  Other than this tiny detail, these are very good videos.",correction
"Isn't it reduction to 2-SAT? 2-SAT should be a P problem, right?",correction
"I think this video is bad situated in the playlist. It should be located in graphs session but instead it is locate before Divide and Conquer video.",correction
"I think that the height of the tree should be written as identifier and not the total number of nodes, because you want the parent of the bigger tree to become parent of the smaller tree. Lets say you have height 2 and height 3 trees, if you merge 3 into 2 you have new tree height 4, if you merge 2 into 3 the height of the new tree stays 3.",correction
"If in the source matrix, position [3,1]  value  we change it as value '0'. Then  what should be the  Path?",correction
"Sir! With due respect there is a problem in algorithm. A/c to ur algo, it will not put pixel for last point.After the loop put pixel should be called one more time  : putpixel(x1,y1);",correction
"Sir, is there a basis for comparison, performance-wise, between the Traveling Salesman Problem or 8 Queens Problem? I want to know if using Backtracking is better than Branch-&-Bound, or vice-versa. Does one approach lead to less number of computations? If so, by how much is the computation reduced? Or is it that in specific cases, like in 8 Queens Problem, it is better to use Backtracking, because it relates to a constraint, that no Queen should be able to kill the other, whereas in Traveling Salesman Problem, the main objective is to minimize the cost, under the given function, whereas there's no such cost function in the case of 8 Queens?",question
"Got a question on the topic? Please share it in the comment section below and our experts will answer it for you. Online NLP Certification Training: https://goo.gl/C1PW7d Call Edureka at US: +18336900808 (Toll-Free) or India: +918861301699 or, write back to us at sales@edureka.co",suggestion
"Great video",positive
"This really is a very crisp and effective tutorial",positive
"Thanks",positive
"it was much helpful,,,,tnku",positive
"Hey there, just a bit of guidance to anyone who battled with this like I did.  I am using PyCharm and to get NLTK installed, I had to type into my project window  import nltk nltk.download() Once I executed this, I was given the options shown in the video above.",other
"It is sentiment analysis, not sentimental :D",correction
"At 14:50, it is not frequency distinct. It is frequency distribution.",correction
"I have anaconda downloaded. Can someone guide me to download NLTK library?",question
"Fk...I live in Stone Age era....",other
"Stupid content as usual, Totally waste of time, He never took real-life Text file to work with, Did not take a file which was a mixture of  String, Object or numerics. I can not understand How these people praising or liking the content What the hell did they learn, Just theory - Suck it",negative
"fdist is not a function it is a list variable",correction
"ğŸ‘ğŸ»ğŸ‘ğŸ»ğŸ‘ğŸ»",positive
"Is it possible to build a nlp app for a foreign language other than English?",question
"Hi! how I apply the same (NLP processing) on corpora containing emojis in sentences.",question
"28:52",other
"à®à®´à¯à®¤à¯à®¤à¯à®•à¯à®•à®³à¯ ğŸ˜",other
"This is the best !! The tutor is the best in the business ..!!",positive
"What's with the fdist[word.lower()]+=1? Why is there a +=1 in there?",question
"can we find grammar mistakes from a sentence using nltk? please assist with an example",question
"While giving the commandprint(os.listdir(nltk.data.find(""corpora"")))I am getting the following error:---------------------------------------------------------------------------IndexError                                Traceback (most recent call last)<ipython-input-4-65400bba0e7d> in <module>----> 1 print(os.listdir(nltk.data.find(""corpora"")))~\AppData\Local\Continuum\anaconda3\lib\site-packages\nltk\data.py in find(resource_name, paths)676677     # Identify the package (i.e. the .zip file) to download.--> 678     resource_zipname = resource_name.split('/')[1]679     if resource_zipname.endswith('.zip'):680         resource_zipname = resource_zipname.rpartition('.')[0]IndexError: list index out of rangeHow can it be solved ? In some systems it is not throwing any error ,but in my system I am getting this error .",question
"Gracias en espaÃ±ol no mames para que pagarÃ­a un maldito curso en platzi si puedo aprenderlo en YouTube visiten este sitio web https://faztweb.com o https://falcÃ³nmÃ¡ster.com o si quieren pagar a estos malditos latinos visiten https://platzi.com",other
"Can i get the presentation ?",question
"Terrific presentation! Thank you!",positive
"Hi, I'm someone with very little background in programming but I badly need to find a way to do semantic similarity comparisons of sentences for a research project. I was already lost at the part where you brought up the NLTK downloader. How did you do that and where did it come from!?",question
"Hello Kislay Keshari. While running the ""Corpora"" print function I'm getting the following error List Out Of Range. IndexError                                Traceback (most recent call last)<ipython-input-2-9f8c46ee9865> in <module>()----> 1 print(os.listdir(nltk.data.find(""corpora"")))~\Anaconda3.1111\lib\site-packages\nltk\data.py in find(resource_name, paths)658659     # Identify the package (i.e. the .zip file) to download.--> 660     resource_zipname = resource_name.split('/')[1]661     if resource_zipname.endswith('.zip'):662         resource_zipname = resource_zipname.rpartition('.')[0]IndexError: list index out of range",other
"I'm basically new to AI, data science...this NLP that you shown is basically for English language. How about if I want to develop for my own language? Is there any resources that you could recommend to me...Tq",question
"Thank you for such a good explanation and demo on NLP. What are the real world applications using NLP nowadays?",question
"Thanks for this beautiful session :)",positive
"Most people think of NLP as Neurolinguistic Programming!",other
"Hi Guys, This is Kislay here. If you have any questions you can put it up here.",suggestion
"Thank u for this awesome video",positive
"link to jupyter notebeook?",question
"Great overview. I am now curious to know more about that topic. A little bit too fast at speaking / explaining IMO. I had to pause and rewind the video many time to grasp what was explained.",suggestion
"Indian accent?",question
"nice basic introduction to NLP. It's a very good tool to categorize people according to their speech. You can put person A into, let's say a capitalist, while person B into, let's say a socialist simply by taking their common used words and the ""passion / positivity"" of the word commonly used by capitalist / socialist. It's one of the tool China used to censor people. Like any technology, it can be used for good or bad. The problem with speech is that it maybe sarcastic, that is where NLP still fail.",other
"British english spoken language goes back to the animalistic vowels only sounds with no separate words at all.",other
"who is the guy in the video?",question
"You don't actually show how to download the NLTK :-(",negative
"very well summarized",positive
"Very great presentation (polarity = +1, subjective=0.8)",positive
"Hello Ma'am,Can you send this ppt on this email?kazimdzuber@gmail.comThank youvery much",question
"I have been looking for a long time for a helpful tutorial that threads these subjects together! Thank you VERY MUCH. You're a great and comical teacher. Thanks again! you the bomb!",positive
"wow, i only wish there was such great seminar in around my area.",positive
"thank you that was very clear. easy to understand",positive
"This is one of the best NLP tutorials I have gone through in a long while... Awesome pedagogy. She simply made it super intuitive for a newbie like me. Thanks a lot!",positive
"it is best lecture.  it help me understood lots of concepts and understand data science more",positive
"Amazing tutorial! Thank you so much Alice!!",positive
"OMG Thank you so much for this wonderful lesson!",positive
"Great Lecture.....",positive
"Awesome lecture, thank you very much!",positive
"She's got that 'I wonder which one of you nerds is going the bang the clam chowder out of me after this presentation' smirk on her face 0:07",other
"amazing ! super helpful!",positive
"where can i get the slides of the presentation?? anyone with the link please help.... _/\_",question
"What if I tell you that we will not be able to #lie in the future? Are you scared now? Read to find out how you'll get caught red-handed if you lie on a regular basis!  https://www.techminds.tech/post/will-you-be-still-able-to-lie-in-the-future",other
"What if I tell you that we will not be able to #lie in the future? Are you scared now? Read to find out how you'll get caught red-handed if you lie on a regular basis!  https://www.techminds.tech/post/will-you-be-still-able-to-lie-in-the-future",other
"Thank you for your presentation and materials.  The tools taught are clear and easy to follow.  I like your deliberate and relaxed teaching style.  It is most helpful.",positive
"Great tutorial and great Ohio NLP  initiative!  Everything you need to know to delve into the awesome world of Data Science. Congrats Alice for the superclass!",positive
"Fantastic!",positive
"Is NLP learning is useful for to become an AI engineer?",question
"No one heard of NLP as neuro linguistic programming?",question
"Watching this on saturday night at 12:00am and I have NLP first lecture on Monday 4/2/2020 :)",other
"TextBlob(""She is so nice and professional at the same time. I like that."").sentiment Sentiment(polarity=1.0, subjectivity=0.0) Thank you Alice! :)",positive
"A great great tutorial. Huge Thanks for sharing this knowledge!",positive
"This is the type of video i've been exactly looking for.",positive
"Having watched Hassan's comedy special and knowing that the topic did involve a lot of talking about parents, I am really impressed with the topic identification feature of this!",positive
"Ella aÃºn no lo sabe pero va a ser mi esposa",other
"Thank you Alice Zhao for video",positive
"é©¬é©¬è™è™",other
"LinuxGoogle Job Itervuiew",other
"Way better explanations than I received from 10 hours lecture. Thanks so much!",positive
"I am not sure, but probably the best course about NLP in 2 hours",positive
"That was amazing! :) Thank you!!!",positive
"Why did not you use tfidfvectorizer since it can greatly simplify data cleanning process",question
"interesting lecture with interesting english",positive
"interesting lecture with interesting english",positive
"Interesting, but the sound is very poor!",negative
"Currently doing my Final Year Project which include some Natural Language Processing Techniques and I'm glad to have chanced upon this video. It has given me whatever I needed from Data Cleaning till the applications (especially Topic Modelling) :)",positive
"https://bookerystore.com/downloads/natural-language-processing-recipes-unlocking-text-data-with-machine-learning-and-deep-learning-using-python/",other
"If this presentation is not your first presentation, why can't you work your microphone without creepy noises? Sentiment Analysis 1:08:56Topic Modelling 1:22:40 Text Generation 1:44:48",question
"It's amazing thank you",positive
"Great video! Very clear introduction to an interesting topic!",positive
"Impeccable tutorial about NLP! You are an awesome teacher, Alice! Keep your Data Science drive going. :)",positive
"6 minutes into the video, and i know im in for a great ride.",positive
"This may be the best Python tutorial I've followed, and I've done quite a few. All of the concepts covered, even the very complex ones, are explained in a way that makes it super-easy to understand but detailed enough that I know what's happening. I learned a LOT from this. Thank you, Alice!!",positive
"zhao has a talent of explaining difficult concept to audiences.  The majority of developers do not have that capability.   Engineers tend to ""learn-by-doing"" which gets you to the destination fast but in such a hurry that one often do not have time to understand the why.",question
"She is brilliant! ğŸ˜Š",positive
"Perfect. Absolutely perfect. Amazing presentation. Thanks for sharing.",positive
"nlp can help me live better? can someone explain me in a short cuz i english is bad and i dont really understand what nlp does",question
"Terrific presentation Alice",positive
"This is the best tutorial I ever had. it is simply amazing the method you use to explain something. Thank you very much. I really loved it!!",positive
"In Love with Data Science, Extremely good presentation, Just Loved It,",positive
"Thx",positive
"Thanks a lot for this tutorial its add a lot of information and made a good background of the data science",positive
"this was beyond awsome! (this text was not automatically generated)",positive
"Omg this was SOOO helpful!!",positive
"Excellent really well developed the subject clear and interesting to follow, thank you",positive
"Suppose if I have a set of reports from 2000 to 2018 business reports  using NLP how can I get the report of 2015. If I say show the report of 2015 it should take me there?? How can we do that",question
"One video covering all the topic.Nice video",positive
"I love how she didn't shy away from the curse words. Basically, she was professional about it and everyone else including her were like ""we're all adults here, and we have a goal we're trying to reach"".  I really enjoyed this video and her demo gave me a lot of little ideas for my projects. Thank you for uploading this!",positive
"TIL I live in the danger zone.",other
"Maybe someone here can help me: How does one import own data (i have a series of doc files which i have converted to xml files using Apache tika) into python, for further analysis? I can't use requests, and then BS4 it seems Thanks!",question
"Hi there, how can i use nlp for essay assessment?",question
"The tutorial was very helpful in providing step by step guidance on NLP techniques in a simplified way! enjoyed the whole demo.",positive
"very informative!..thank you..",positive
"I was watching Avenger . Why am I here?",question
"Do you, as AI makers, identify as humans because I can see it benefiting humanity trickling down from the AI-creator elites getting max power but once you've fully quantized a human, reproduced one, and surpassed one.. why would you care about a biological one, or is 'human' obsolete and to survive we MUST augment to AI then full upload to the AI-net?",question
"Just Loved the Way you made things so easy...Kudos!!",positive
"This was a very helpful tutorial. Carefully prepared and very well presented. Thanks a lot Alice, for sharing your knowledge.",positive
"This a  wonderful video tutorial, captures from  the very first step  to  the End of  a data Science project. Thanks a Lot for this  tutorial Alice...  :)",positive
"The way of explanation  was very nice.. Keep it up.",positive
"She is an excellent teacher.",positive
"Holy ""F word""! This lesson was insane, thanks for the knowledge!",positive
"Thank you Alice! This was very helpful, I learned a lot!",positive
"to reduce errors and frustration:1) use Jupyter from Anaconda .2) when importing in Jupyter, use  !pip install TextBlob then rest of code.3a) type  full_names = ['Ali Wong', 'Anthony Jeselnik', 'Bill Burr', 'Bo Burnham', 'Dave Chappelle', 'Hasan Minaj', 'Jim Jefferies',  . . .]    // avoid errors //3b) plt.text(x+.001, y+.001, data['full_names'], [index], fontsize=10)     ===>>>  plt.text(x+.001, y+.001, full_names[index], fontsize=10)",suggestion
"You should launch a course on udemy, amazing presentation that even a beginner like me was able to grab in first watch.",suggestion
"thanks Alice. Really nice tutorial.",positive
"Three Words. I am impressed.",positive
"How did you created your Presentation...Its pretty cool. What tool you used?",question
"Thank you for sharing such knowledge . You are amazing",positive
"Where can download the ipython?",question
"Very well explained. Loved it. Can NLP be done using R programming?",question
"Well structured content, great presentation and subject harnessing!",positive
"What a brilliant tutorial! Really simple and intuitive explanations and some really great examples.",positive
"Great explanation.. You make NLP understandable. Hopely more tutor about Python in combination with NLP.",positive
"Amazing tutorial! Thanks a lot!! You explain everything flawlessly! :)",positive
"Are the slides from this presentation available for download? Thanks",question
"Thanks #PyOhio #Alice",positive
"Very helpful sharing. Many thanks!",positive
"Hi. Thank you for informing us about NLP. I would like to introduce this video on the Insight Campus blog, Fin Insight - Education Services. Could I introduce this video as a URL link on my blog?",question
"Amazing! Thank's for posting it!",positive
"Can i get those ipynb files ? It will be really really helpful ! Thanks in advance.",question
"Brilliant good work",positive
"nicely explained ...",positive
"Thank you. Very informative session. :)",positive
"This was super helpful. Thanks a lot! Learnt about markov chains, sentiment analysis and LDA so beautifully! Great great tutorial. Thanks a lot, again. God bless you. :)",positive